id_tps,tanggal,kapasitas,Volume_kg,keterisian_%,latitude,longitude
TPS01,2020-01,663.6,328.4,49.49,27.18,78.02
TPS01,2020-02,663.6,291.0,43.85,27.18,78.02
TPS01,2020-03,663.6,478.9,72.17,27.18,78.02
TPS01,2020-04,663.6,445.7,67.16,27.18,78.02
TPS01,2020-05,663.6,299.2,45.09,27.18,78.02
TPS01,2020-06,663.6,565.3,85.19,27.18,78.02
TPS01,2020-07,663.6,596.6,89.9,27.18,78.02
TPS01,2020-08,663.6,580.1,87.42,27.18,78.02
TPS01,2020-09,663.6,482.0,72.63,27.18,78.02
TPS01,2020-10,663.6,306.5,46.19,27.18,78.02
TPS01,2020-11,663.6,573.2,86.38,27.18,78.02
TPS01,2020-12,663.6,457.7,68.97,27.18,78.02
TPS02,2020-01,248.5,178.6,71.87,23.030000000000005,72.58
TPS02,2020-02,248.5,212.0,85.31,23.030000000000005,72.58
TPS02,2020-03,248.5,134.5,54.12,23.030000000000005,72.58
TPS02,2020-04,248.5,129.9,52.27,23.030000000000005,72.58
TPS02,2020-05,248.5,162.0,65.19,23.030000000000005,72.58
TPS02,2020-06,248.5,109.0,43.86,23.030000000000005,72.58
TPS02,2020-07,248.5,136.9,55.09,23.030000000000005,72.58
TPS02,2020-08,248.5,127.3,51.23,23.030000000000005,72.58
TPS02,2020-09,248.5,140.8,56.66,23.030000000000005,72.58
TPS02,2020-10,248.5,166.2,66.88,23.030000000000005,72.58
TPS02,2020-11,248.5,188.0,75.65,23.030000000000005,72.58
TPS02,2020-12,248.5,147.8,59.48,23.030000000000005,72.58
TPS03,2020-01,300.0,144.2,48.07,27.88,78.08
TPS03,2020-02,300.0,132.4,44.13,27.88,78.08
TPS03,2020-03,300.0,183.7,61.23,27.88,78.08
TPS03,2020-04,300.0,219.9,73.3,27.88,78.08
TPS03,2020-05,300.0,235.5,78.5,27.88,78.08
TPS03,2020-06,300.0,141.1,47.03,27.88,78.08
TPS03,2020-07,300.0,257.9,85.97,27.88,78.08
TPS03,2020-08,300.0,162.4,54.13,27.88,78.08
TPS03,2020-09,300.0,141.6,47.2,27.88,78.08
TPS03,2020-10,300.0,250.5,83.5,27.88,78.08
TPS03,2020-11,300.0,222.1,74.03,27.88,78.08
TPS03,2020-12,300.0,197.6,65.87,27.88,78.08
TPS04,2020-01,442.4,351.1,79.36,25.455,81.84
TPS04,2020-02,442.4,230.8,52.17,25.455,81.84
TPS04,2020-03,442.4,208.3,47.08,25.455,81.84
TPS04,2020-04,442.4,391.9,88.58,25.455,81.84
TPS04,2020-05,442.4,350.0,79.11,25.455,81.84
TPS04,2020-06,442.4,265.2,59.95,25.455,81.84
TPS04,2020-07,442.4,260.3,58.84,25.455,81.84
TPS04,2020-08,442.4,235.6,53.25,25.455,81.84
TPS04,2020-09,442.4,378.2,85.49,25.455,81.84
TPS04,2020-10,442.4,255.0,57.64,25.455,81.84
TPS04,2020-11,442.4,382.9,86.55,25.455,81.84
TPS04,2020-12,442.4,228.4,51.63,25.455,81.84
TPS05,2020-01,360.6,223.6,62.01,20.9333,77.75
TPS05,2020-02,360.6,223.9,62.09,20.9333,77.75
TPS05,2020-03,360.6,168.2,46.64,20.9333,77.75
TPS05,2020-04,360.6,193.3,53.61,20.9333,77.75
TPS05,2020-05,360.6,169.4,46.98,20.9333,77.75
TPS05,2020-06,360.6,263.7,73.13,20.9333,77.75
TPS05,2020-07,360.6,263.9,73.18,20.9333,77.75
TPS05,2020-08,360.6,203.3,56.38,20.9333,77.75
TPS05,2020-09,360.6,237.8,65.95,20.9333,77.75
TPS05,2020-10,360.6,281.9,78.18,20.9333,77.75
TPS05,2020-11,360.6,298.8,82.86,20.9333,77.75
TPS05,2020-12,360.6,200.2,55.52,20.9333,77.75
TPS06,2020-01,460.6,269.7,58.55,31.6167,74.85
TPS06,2020-02,460.6,221.1,48.0,31.6167,74.85
TPS06,2020-03,460.6,378.9,82.26,31.6167,74.85
TPS06,2020-04,460.6,274.1,59.51,31.6167,74.85
TPS06,2020-05,460.6,400.3,86.91,31.6167,74.85
TPS06,2020-06,460.6,366.8,79.64,31.6167,74.85
TPS06,2020-07,460.6,388.3,84.3,31.6167,74.85
TPS06,2020-08,460.6,298.6,64.83,31.6167,74.85
TPS06,2020-09,460.6,258.7,56.17,31.6167,74.85
TPS06,2020-10,460.6,327.8,71.17,31.6167,74.85
TPS06,2020-11,460.6,207.2,44.98,31.6167,74.85
TPS06,2020-12,460.6,344.6,74.82,31.6167,74.85
TPS07,2020-01,321.2,164.2,51.12,19.88,75.32
TPS07,2020-02,321.2,152.5,47.48,19.88,75.32
TPS07,2020-03,321.2,184.7,57.5,19.88,75.32
TPS07,2020-04,321.2,176.7,55.01,19.88,75.32
TPS07,2020-05,321.2,267.6,83.31,19.88,75.32
TPS07,2020-06,321.2,188.4,58.66,19.88,75.32
TPS07,2020-07,321.2,218.1,67.9,19.88,75.32
TPS07,2020-08,321.2,228.0,70.98,19.88,75.32
TPS07,2020-09,321.2,171.1,53.27,19.88,75.32
TPS07,2020-10,321.2,264.5,82.35,19.88,75.32
TPS07,2020-11,321.2,284.6,88.61,19.88,75.32
TPS07,2020-12,321.2,161.6,50.31,19.88,75.32
TPS08,2020-01,548.5,240.2,43.79,12.9699,77.598
TPS08,2020-02,548.5,395.3,72.07,12.9699,77.598
TPS08,2020-03,548.5,312.1,56.9,12.9699,77.598
TPS08,2020-04,548.5,321.6,58.63,12.9699,77.598
TPS08,2020-05,548.5,452.9,82.57,12.9699,77.598
TPS08,2020-06,548.5,398.4,72.63,12.9699,77.598
TPS08,2020-07,548.5,229.9,41.91,12.9699,77.598
TPS08,2020-08,548.5,448.4,81.75,12.9699,77.598
TPS08,2020-09,548.5,312.8,57.03,12.9699,77.598
TPS08,2020-10,548.5,490.4,89.41,12.9699,77.598
TPS08,2020-11,548.5,393.6,71.76,12.9699,77.598
TPS08,2020-12,548.5,407.2,74.24,12.9699,77.598
TPS09,2020-01,736.4,507.6,68.93,28.364,79.415
TPS09,2020-02,736.4,379.0,51.47,28.364,79.415
TPS09,2020-03,736.4,473.3,64.27,28.364,79.415
TPS09,2020-04,736.4,605.2,82.18,28.364,79.415
TPS09,2020-05,736.4,352.4,47.85,28.364,79.415
TPS09,2020-06,736.4,368.3,50.01,28.364,79.415
TPS09,2020-07,736.4,644.3,87.49,28.364,79.415
TPS09,2020-08,736.4,479.1,65.06,28.364,79.415
TPS09,2020-09,736.4,628.0,85.28,28.364,79.415
TPS09,2020-10,736.4,482.8,65.56,28.364,79.415
TPS09,2020-11,736.4,602.1,81.76,28.364,79.415
TPS09,2020-12,736.4,579.4,78.68,28.364,79.415
TPS10,2020-01,397.0,196.1,49.4,16.5167,80.6167
TPS10,2020-02,397.0,334.1,84.16,16.5167,80.6167
TPS10,2020-03,397.0,208.2,52.44,16.5167,80.6167
TPS10,2020-04,397.0,297.0,74.81,16.5167,80.6167
TPS10,2020-05,397.0,300.9,75.79,16.5167,80.6167
TPS10,2020-06,397.0,293.0,73.8,16.5167,80.6167
TPS10,2020-07,397.0,328.5,82.75,16.5167,80.6167
TPS10,2020-08,397.0,330.4,83.22,16.5167,80.6167
TPS10,2020-09,397.0,202.6,51.03,16.5167,80.6167
TPS10,2020-10,397.0,345.7,87.08,16.5167,80.6167
TPS10,2020-11,397.0,338.3,85.21,16.5167,80.6167
TPS10,2020-12,397.0,253.2,63.78,16.5167,80.6167
TPS11,2020-01,500.0,233.4,46.68,21.765,72.1369
TPS11,2020-02,500.0,399.8,79.96,21.765,72.1369
TPS11,2020-03,500.0,395.0,79.0,21.765,72.1369
TPS11,2020-04,500.0,272.7,54.54,21.765,72.1369
TPS11,2020-05,500.0,422.3,84.46,21.765,72.1369
TPS11,2020-06,500.0,262.3,52.46,21.765,72.1369
TPS11,2020-07,500.0,213.1,42.62,21.765,72.1369
TPS11,2020-08,500.0,344.9,68.98,21.765,72.1369
TPS11,2020-09,500.0,362.5,72.5,21.765,72.1369
TPS11,2020-10,500.0,331.9,66.38,21.765,72.1369
TPS11,2020-11,500.0,338.5,67.7,21.765,72.1369
TPS11,2020-12,500.0,287.7,57.54,21.765,72.1369
TPS12,2020-01,518.2,341.3,65.86,19.3,72.85
TPS12,2020-02,518.2,444.7,85.82,19.3,72.85
TPS12,2020-03,518.2,257.1,49.61,19.3,72.85
TPS12,2020-04,518.2,342.3,66.06,19.3,72.85
TPS12,2020-05,518.2,213.1,41.12,19.3,72.85
TPS12,2020-06,518.2,367.8,70.98,19.3,72.85
TPS12,2020-07,518.2,211.9,40.89,19.3,72.85
TPS12,2020-08,518.2,374.2,72.21,19.3,72.85
TPS12,2020-09,518.2,392.3,75.7,19.3,72.85
TPS12,2020-10,518.2,406.5,78.44,19.3,72.85
TPS12,2020-11,518.2,383.4,73.99,19.3,72.85
TPS12,2020-12,518.2,342.0,66.0,19.3,72.85
TPS13,2020-01,384.8,325.0,84.46,21.2167,81.4333
TPS13,2020-02,384.8,246.8,64.14,21.2167,81.4333
TPS13,2020-03,384.8,309.7,80.48,21.2167,81.4333
TPS13,2020-04,384.8,258.6,67.2,21.2167,81.4333
TPS13,2020-05,384.8,257.6,66.94,21.2167,81.4333
TPS13,2020-06,384.8,254.9,66.24,21.2167,81.4333
TPS13,2020-07,384.8,187.3,48.67,21.2167,81.4333
TPS13,2020-08,384.8,249.7,64.89,21.2167,81.4333
TPS13,2020-09,384.8,165.9,43.11,21.2167,81.4333
TPS13,2020-10,384.8,175.3,45.56,21.2167,81.4333
TPS13,2020-11,384.8,274.6,71.36,21.2167,81.4333
TPS13,2020-12,384.8,338.0,87.84,21.2167,81.4333
TPS14,2020-01,284.8,240.1,84.3,23.25,77.4167
TPS14,2020-02,284.8,240.6,84.48,23.25,77.4167
TPS14,2020-03,284.8,183.5,64.43,23.25,77.4167
TPS14,2020-04,284.8,192.9,67.73,23.25,77.4167
TPS14,2020-05,284.8,228.7,80.3,23.25,77.4167
TPS14,2020-06,284.8,250.9,88.1,23.25,77.4167
TPS14,2020-07,284.8,223.2,78.37,23.25,77.4167
TPS14,2020-08,284.8,225.6,79.21,23.25,77.4167
TPS14,2020-09,284.8,239.1,83.95,23.25,77.4167
TPS14,2020-10,284.8,207.0,72.68,23.25,77.4167
TPS14,2020-11,284.8,143.5,50.39,23.25,77.4167
TPS14,2020-12,284.8,163.2,57.3,23.25,77.4167
TPS15,2020-01,609.1,370.7,60.86,28.0181,73.3169
TPS15,2020-02,609.1,495.3,81.32,28.0181,73.3169
TPS15,2020-03,609.1,393.4,64.59,28.0181,73.3169
TPS15,2020-04,609.1,383.1,62.9,28.0181,73.3169
TPS15,2020-05,609.1,353.6,58.05,28.0181,73.3169
TPS15,2020-06,609.1,520.6,85.47,28.0181,73.3169
TPS15,2020-07,609.1,312.4,51.29,28.0181,73.3169
TPS15,2020-08,609.1,455.1,74.72,28.0181,73.3169
TPS15,2020-09,609.1,535.9,87.98,28.0181,73.3169
TPS15,2020-10,609.1,258.9,42.51,28.0181,73.3169
TPS15,2020-11,609.1,434.3,71.3,28.0181,73.3169
TPS15,2020-12,609.1,383.8,63.01,28.0181,73.3169
TPS16,2020-01,263.6,236.5,89.72,26.472500000000004,80.3311
TPS16,2020-02,263.6,138.8,52.66,26.472500000000004,80.3311
TPS16,2020-03,263.6,186.8,70.86,26.472500000000004,80.3311
TPS16,2020-04,263.6,123.6,46.89,26.472500000000004,80.3311
TPS16,2020-05,263.6,208.7,79.17,26.472500000000004,80.3311
TPS16,2020-06,263.6,182.7,69.31,26.472500000000004,80.3311
TPS16,2020-07,263.6,156.0,59.18,26.472500000000004,80.3311
TPS16,2020-08,263.6,133.0,50.46,26.472500000000004,80.3311
TPS16,2020-09,263.6,206.3,78.26,26.472500000000004,80.3311
TPS16,2020-10,263.6,224.7,85.24,26.472500000000004,80.3311
TPS16,2020-11,263.6,197.8,75.04,26.472500000000004,80.3311
TPS16,2020-12,263.6,177.6,67.37,26.472500000000004,80.3311
TPS17,2020-01,509.1,293.2,57.59,19.95,79.3
TPS17,2020-02,509.1,398.9,78.35,19.95,79.3
TPS17,2020-03,509.1,353.6,69.46,19.95,79.3
TPS17,2020-04,509.1,425.0,83.48,19.95,79.3
TPS17,2020-05,509.1,362.6,71.22,19.95,79.3
TPS17,2020-06,509.1,222.0,43.61,19.95,79.3
TPS17,2020-07,509.1,402.7,79.1,19.95,79.3
TPS17,2020-08,509.1,428.8,84.23,19.95,79.3
TPS17,2020-09,509.1,401.7,78.9,19.95,79.3
TPS17,2020-10,509.1,246.5,48.42,19.95,79.3
TPS17,2020-11,509.1,414.7,81.46,19.95,79.3
TPS17,2020-12,509.1,349.5,68.65,19.95,79.3
TPS18,2020-01,357.6,145.9,40.8,30.7353,76.7911
TPS18,2020-02,357.6,214.0,59.84,30.7353,76.7911
TPS18,2020-03,357.6,302.5,84.59,30.7353,76.7911
TPS18,2020-04,357.6,156.3,43.71,30.7353,76.7911
TPS18,2020-05,357.6,225.1,62.95,30.7353,76.7911
TPS18,2020-06,357.6,185.2,51.79,30.7353,76.7911
TPS18,2020-07,357.6,185.7,51.93,30.7353,76.7911
TPS18,2020-08,357.6,199.1,55.68,30.7353,76.7911
TPS18,2020-09,357.6,166.9,46.67,30.7353,76.7911
TPS18,2020-10,357.6,259.6,72.6,30.7353,76.7911
TPS18,2020-11,357.6,226.1,63.23,30.7353,76.7911
TPS18,2020-12,357.6,249.9,69.88,30.7353,76.7911
TPS19,2020-01,293.9,188.7,64.21,13.0825,80.275
TPS19,2020-02,293.9,158.3,53.86,13.0825,80.275
TPS19,2020-03,293.9,253.6,86.29,13.0825,80.275
TPS19,2020-04,293.9,202.1,68.76,13.0825,80.275
TPS19,2020-05,293.9,192.4,65.46,13.0825,80.275
TPS19,2020-06,293.9,217.6,74.04,13.0825,80.275
TPS19,2020-07,293.9,235.2,80.03,13.0825,80.275
TPS19,2020-08,293.9,239.4,81.46,13.0825,80.275
TPS19,2020-09,293.9,227.8,77.51,13.0825,80.275
TPS19,2020-10,293.9,224.8,76.49,13.0825,80.275
TPS19,2020-11,293.9,136.1,46.31,13.0825,80.275
TPS19,2020-12,293.9,215.0,73.15,13.0825,80.275
TPS20,2020-01,357.6,306.2,85.63,18.6278,73.8131
TPS20,2020-02,357.6,267.9,74.92,18.6278,73.8131
TPS20,2020-03,357.6,277.1,77.49,18.6278,73.8131
TPS20,2020-04,357.6,247.8,69.3,18.6278,73.8131
TPS20,2020-05,357.6,279.9,78.27,18.6278,73.8131
TPS20,2020-06,357.6,227.2,63.53,18.6278,73.8131
TPS20,2020-07,357.6,251.9,70.44,18.6278,73.8131
TPS20,2020-08,357.6,155.7,43.54,18.6278,73.8131
TPS20,2020-09,357.6,229.2,64.09,18.6278,73.8131
TPS20,2020-10,357.6,299.3,83.7,18.6278,73.8131
TPS20,2020-11,357.6,211.4,59.12,18.6278,73.8131
TPS20,2020-12,357.6,209.2,58.5,18.6278,73.8131
TPS21,2020-01,675.8,357.1,52.84,11.0,76.9667
TPS21,2020-02,675.8,520.7,77.05,11.0,76.9667
TPS21,2020-03,675.8,367.8,54.42,11.0,76.9667
TPS21,2020-04,675.8,560.1,82.88,11.0,76.9667
TPS21,2020-05,675.8,292.5,43.28,11.0,76.9667
TPS21,2020-06,675.8,471.0,69.7,11.0,76.9667
TPS21,2020-07,675.8,271.5,40.17,11.0,76.9667
TPS21,2020-08,675.8,339.2,50.19,11.0,76.9667
TPS21,2020-09,675.8,460.5,68.14,11.0,76.9667
TPS21,2020-10,675.8,590.1,87.32,11.0,76.9667
TPS21,2020-11,675.8,403.2,59.66,11.0,76.9667
TPS21,2020-12,675.8,497.1,73.56,11.0,76.9667
TPS22,2020-01,378.8,282.3,74.52,20.45,85.8667
TPS22,2020-02,378.8,276.3,72.94,20.45,85.8667
TPS22,2020-03,378.8,294.4,77.72,20.45,85.8667
TPS22,2020-04,378.8,275.0,72.6,20.45,85.8667
TPS22,2020-05,378.8,169.6,44.77,20.45,85.8667
TPS22,2020-06,378.8,305.6,80.68,20.45,85.8667
TPS22,2020-07,378.8,256.0,67.58,20.45,85.8667
TPS22,2020-08,378.8,229.9,60.69,20.45,85.8667
TPS22,2020-09,378.8,263.1,69.46,20.45,85.8667
TPS22,2020-10,378.8,163.7,43.22,20.45,85.8667
TPS22,2020-11,378.8,299.4,79.04,20.45,85.8667
TPS22,2020-12,378.8,234.6,61.93,20.45,85.8667
TPS23,2020-01,724.2,375.1,51.8,30.318,78.029
TPS23,2020-02,724.2,536.1,74.03,30.318,78.029
TPS23,2020-03,724.2,567.5,78.36,30.318,78.029
TPS23,2020-04,724.2,510.0,70.42,30.318,78.029
TPS23,2020-05,724.2,313.4,43.28,30.318,78.029
TPS23,2020-06,724.2,550.3,75.99,30.318,78.029
TPS23,2020-07,724.2,366.1,50.55,30.318,78.029
TPS23,2020-08,724.2,548.8,75.78,30.318,78.029
TPS23,2020-09,724.2,488.7,67.48,30.318,78.029
TPS23,2020-10,724.2,442.4,61.09,30.318,78.029
TPS23,2020-11,724.2,511.2,70.59,30.318,78.029
TPS23,2020-12,724.2,313.4,43.28,30.318,78.029
TPS24,2020-01,239.4,214.9,89.77,28.66,77.23
TPS24,2020-02,239.4,173.4,72.43,28.66,77.23
TPS24,2020-03,239.4,108.5,45.32,28.66,77.23
TPS24,2020-04,239.4,184.4,77.03,28.66,77.23
TPS24,2020-05,239.4,181.7,75.9,28.66,77.23
TPS24,2020-06,239.4,201.7,84.25,28.66,77.23
TPS24,2020-07,239.4,144.6,60.4,28.66,77.23
TPS24,2020-08,239.4,96.9,40.48,28.66,77.23
TPS24,2020-09,239.4,151.9,63.45,28.66,77.23
TPS24,2020-10,239.4,135.5,56.6,28.66,77.23
TPS24,2020-11,239.4,123.3,51.5,28.66,77.23
TPS24,2020-12,239.4,149.7,62.53,28.66,77.23
TPS25,2020-01,578.8,519.6,89.77,23.7928,86.435
TPS25,2020-02,578.8,233.3,40.31,23.7928,86.435
TPS25,2020-03,578.8,426.6,73.7,23.7928,86.435
TPS25,2020-04,578.8,282.1,48.74,23.7928,86.435
TPS25,2020-05,578.8,305.6,52.8,23.7928,86.435
TPS25,2020-06,578.8,487.8,84.28,23.7928,86.435
TPS25,2020-07,578.8,493.3,85.23,23.7928,86.435
TPS25,2020-08,578.8,274.1,47.36,23.7928,86.435
TPS25,2020-09,578.8,430.5,74.38,23.7928,86.435
TPS25,2020-10,578.8,251.4,43.43,23.7928,86.435
TPS25,2020-11,578.8,277.5,47.94,23.7928,86.435
TPS25,2020-12,578.8,427.2,73.81,23.7928,86.435
TPS26,2020-01,715.2,431.6,60.35,20.9,74.7833
TPS26,2020-02,715.2,349.5,48.87,20.9,74.7833
TPS26,2020-03,715.2,524.6,73.35,20.9,74.7833
TPS26,2020-04,715.2,417.1,58.32,20.9,74.7833
TPS26,2020-05,715.2,299.4,41.86,20.9,74.7833
TPS26,2020-06,715.2,533.9,74.65,20.9,74.7833
TPS26,2020-07,715.2,382.4,53.47,20.9,74.7833
TPS26,2020-08,715.2,616.3,86.17,20.9,74.7833
TPS26,2020-09,715.2,630.0,88.09,20.9,74.7833
TPS26,2020-10,715.2,555.8,77.71,20.9,74.7833
TPS26,2020-11,715.2,484.5,67.74,20.9,74.7833
TPS26,2020-12,715.2,414.6,57.97,20.9,74.7833
TPS27,2020-01,406.1,323.7,79.71,26.149999999999995,91.77
TPS27,2020-02,406.1,250.7,61.73,26.149999999999995,91.77
TPS27,2020-03,406.1,316.5,77.94,26.149999999999995,91.77
TPS27,2020-04,406.1,227.2,55.95,26.149999999999995,91.77
TPS27,2020-05,406.1,358.8,88.35,26.149999999999995,91.77
TPS27,2020-06,406.1,268.2,66.04,26.149999999999995,91.77
TPS27,2020-07,406.1,180.1,44.35,26.149999999999995,91.77
TPS27,2020-08,406.1,298.6,73.53,26.149999999999995,91.77
TPS27,2020-09,406.1,279.6,68.85,26.149999999999995,91.77
TPS27,2020-10,406.1,216.1,53.21,26.149999999999995,91.77
TPS27,2020-11,406.1,358.3,88.23,26.149999999999995,91.77
TPS27,2020-12,406.1,284.9,70.16,26.149999999999995,91.77
TPS28,2020-01,778.8,697.8,89.6,23.55,87.32
TPS28,2020-02,778.8,489.0,62.79,23.55,87.32
TPS28,2020-03,778.8,395.2,50.74,23.55,87.32
TPS28,2020-04,778.8,554.1,71.15,23.55,87.32
TPS28,2020-05,778.8,394.3,50.63,23.55,87.32
TPS28,2020-06,778.8,548.1,70.38,23.55,87.32
TPS28,2020-07,778.8,373.1,47.91,23.55,87.32
TPS28,2020-08,778.8,531.7,68.27,23.55,87.32
TPS28,2020-09,778.8,653.6,83.92,23.55,87.32
TPS28,2020-10,778.8,593.9,76.26,23.55,87.32
TPS28,2020-11,778.8,522.5,67.09,23.55,87.32
TPS28,2020-12,778.8,655.1,84.12,23.55,87.32
TPS29,2020-01,509.1,370.8,72.83,28.4333,77.3167
TPS29,2020-02,509.1,278.9,54.78,28.4333,77.3167
TPS29,2020-03,509.1,283.8,55.75,28.4333,77.3167
TPS29,2020-04,509.1,281.5,55.29,28.4333,77.3167
TPS29,2020-05,509.1,413.5,81.22,28.4333,77.3167
TPS29,2020-06,509.1,212.1,41.66,28.4333,77.3167
TPS29,2020-07,509.1,214.2,42.07,28.4333,77.3167
TPS29,2020-08,509.1,355.9,69.91,28.4333,77.3167
TPS29,2020-09,509.1,274.2,53.86,28.4333,77.3167
TPS29,2020-10,509.1,374.5,73.56,28.4333,77.3167
TPS29,2020-11,509.1,327.7,64.37,28.4333,77.3167
TPS29,2020-12,509.1,418.5,82.2,28.4333,77.3167
TPS30,2020-01,603.0,328.5,54.48,28.6667,77.4167
TPS30,2020-02,603.0,251.7,41.74,28.6667,77.4167
TPS30,2020-03,603.0,281.1,46.62,28.6667,77.4167
TPS30,2020-04,603.0,537.9,89.2,28.6667,77.4167
TPS30,2020-05,603.0,347.8,57.68,28.6667,77.4167
TPS30,2020-06,603.0,500.0,82.92,28.6667,77.4167
TPS30,2020-07,603.0,487.7,80.88,28.6667,77.4167
TPS30,2020-08,603.0,465.3,77.16,28.6667,77.4167
TPS30,2020-09,603.0,243.8,40.43,28.6667,77.4167
TPS30,2020-10,603.0,474.2,78.64,28.6667,77.4167
TPS30,2020-11,603.0,403.5,66.92,28.6667,77.4167
TPS30,2020-12,603.0,435.7,72.26,28.6667,77.4167
TPS31,2020-01,357.6,246.5,68.93,26.7611,83.3667
TPS31,2020-02,357.6,304.1,85.04,26.7611,83.3667
TPS31,2020-03,357.6,188.1,52.6,26.7611,83.3667
TPS31,2020-04,357.6,301.4,84.28,26.7611,83.3667
TPS31,2020-05,357.6,299.1,83.64,26.7611,83.3667
TPS31,2020-06,357.6,231.6,64.77,26.7611,83.3667
TPS31,2020-07,357.6,208.7,58.36,26.7611,83.3667
TPS31,2020-08,357.6,280.0,78.3,26.7611,83.3667
TPS31,2020-09,357.6,266.2,74.44,26.7611,83.3667
TPS31,2020-10,357.6,257.2,71.92,26.7611,83.3667
TPS31,2020-11,357.6,265.8,74.33,26.7611,83.3667
TPS31,2020-12,357.6,261.0,72.99,26.7611,83.3667
TPS32,2020-01,566.7,243.8,43.02,17.3333,76.8333
TPS32,2020-02,566.7,255.6,45.1,17.3333,76.8333
TPS32,2020-03,566.7,329.3,58.11,17.3333,76.8333
TPS32,2020-04,566.7,498.4,87.95,17.3333,76.8333
TPS32,2020-05,566.7,418.1,73.78,17.3333,76.8333
TPS32,2020-06,566.7,407.6,71.93,17.3333,76.8333
TPS32,2020-07,566.7,303.9,53.63,17.3333,76.8333
TPS32,2020-08,566.7,440.6,77.75,17.3333,76.8333
TPS32,2020-09,566.7,398.2,70.27,17.3333,76.8333
TPS32,2020-10,566.7,444.1,78.37,17.3333,76.8333
TPS32,2020-11,566.7,260.6,45.99,17.3333,76.8333
TPS32,2020-12,566.7,466.0,82.23,17.3333,76.8333
TPS33,2020-01,348.5,300.6,86.26,16.3,80.45
TPS33,2020-02,348.5,311.3,89.33,16.3,80.45
TPS33,2020-03,348.5,161.3,46.28,16.3,80.45
TPS33,2020-04,348.5,204.5,58.68,16.3,80.45
TPS33,2020-05,348.5,250.4,71.85,16.3,80.45
TPS33,2020-06,348.5,272.4,78.16,16.3,80.45
TPS33,2020-07,348.5,242.1,69.47,16.3,80.45
TPS33,2020-08,348.5,198.6,56.99,16.3,80.45
TPS33,2020-09,348.5,165.5,47.49,16.3,80.45
TPS33,2020-10,348.5,163.9,47.03,16.3,80.45
TPS33,2020-11,348.5,313.4,89.93,16.3,80.45
TPS33,2020-12,348.5,203.7,58.45,16.3,80.45
TPS34,2020-01,742.4,389.2,52.42,26.1667,91.7667
TPS34,2020-02,742.4,380.5,51.25,26.1667,91.7667
TPS34,2020-03,742.4,326.0,43.91,26.1667,91.7667
TPS34,2020-04,742.4,316.3,42.61,26.1667,91.7667
TPS34,2020-05,742.4,627.1,84.47,26.1667,91.7667
TPS34,2020-06,742.4,491.2,66.16,26.1667,91.7667
TPS34,2020-07,742.4,648.6,87.37,26.1667,91.7667
TPS34,2020-08,742.4,665.9,89.7,26.1667,91.7667
TPS34,2020-09,742.4,497.3,66.99,26.1667,91.7667
TPS34,2020-10,742.4,603.9,81.34,26.1667,91.7667
TPS34,2020-11,742.4,370.3,49.88,26.1667,91.7667
TPS34,2020-12,742.4,430.5,57.99,26.1667,91.7667
TPS35,2020-01,339.4,222.1,65.44,26.215,78.1931
TPS35,2020-02,339.4,281.6,82.97,26.215,78.1931
TPS35,2020-03,339.4,175.2,51.62,26.215,78.1931
TPS35,2020-04,339.4,253.3,74.63,26.215,78.1931
TPS35,2020-05,339.4,301.5,88.83,26.215,78.1931
TPS35,2020-06,339.4,276.5,81.47,26.215,78.1931
TPS35,2020-07,339.4,188.3,55.48,26.215,78.1931
TPS35,2020-08,339.4,215.7,63.55,26.215,78.1931
TPS35,2020-09,339.4,190.7,56.19,26.215,78.1931
TPS35,2020-10,339.4,223.2,65.76,26.215,78.1931
TPS35,2020-11,339.4,265.0,78.08,26.215,78.1931
TPS35,2020-12,339.4,140.1,41.28,26.215,78.1931
TPS36,2020-01,669.7,548.2,81.86,22.59,88.31
TPS36,2020-02,669.7,463.8,69.25,22.59,88.31
TPS36,2020-03,669.7,509.7,76.11,22.59,88.31
TPS36,2020-04,669.7,500.0,74.66,22.59,88.31
TPS36,2020-05,669.7,555.4,82.93,22.59,88.31
TPS36,2020-06,669.7,427.1,63.77,22.59,88.31
TPS36,2020-07,669.7,501.5,74.88,22.59,88.31
TPS36,2020-08,669.7,560.2,83.65,22.59,88.31
TPS36,2020-09,669.7,428.4,63.97,22.59,88.31
TPS36,2020-10,669.7,444.1,66.31,22.59,88.31
TPS36,2020-11,669.7,495.0,73.91,22.59,88.31
TPS36,2020-12,669.7,338.0,50.47,22.59,88.31
TPS37,2020-01,590.9,288.8,48.87,17.3667,78.4667
TPS37,2020-02,590.9,448.6,75.92,17.3667,78.4667
TPS37,2020-03,590.9,459.7,77.8,17.3667,78.4667
TPS37,2020-04,590.9,531.6,89.96,17.3667,78.4667
TPS37,2020-05,590.9,519.8,87.97,17.3667,78.4667
TPS37,2020-06,590.9,457.6,77.44,17.3667,78.4667
TPS37,2020-07,590.9,315.4,53.38,17.3667,78.4667
TPS37,2020-08,590.9,486.5,82.33,17.3667,78.4667
TPS37,2020-09,590.9,343.1,58.06,17.3667,78.4667
TPS37,2020-10,590.9,406.2,68.74,17.3667,78.4667
TPS37,2020-11,590.9,519.9,87.98,17.3667,78.4667
TPS37,2020-12,590.9,414.1,70.08,17.3667,78.4667
TPS38,2020-01,363.6,288.4,79.32,22.7206,75.8472
TPS38,2020-02,363.6,247.5,68.07,22.7206,75.8472
TPS38,2020-03,363.6,300.8,82.73,22.7206,75.8472
TPS38,2020-04,363.6,266.8,73.38,22.7206,75.8472
TPS38,2020-05,363.6,277.2,76.24,22.7206,75.8472
TPS38,2020-06,363.6,264.4,72.72,22.7206,75.8472
TPS38,2020-07,363.6,172.8,47.52,22.7206,75.8472
TPS38,2020-08,363.6,231.3,63.61,22.7206,75.8472
TPS38,2020-09,363.6,235.9,64.88,22.7206,75.8472
TPS38,2020-10,363.6,278.8,76.68,22.7206,75.8472
TPS38,2020-11,363.6,249.8,68.7,22.7206,75.8472
TPS38,2020-12,363.6,298.5,82.1,22.7206,75.8472
TPS39,2020-01,660.6,325.7,49.3,23.1667,79.9333
TPS39,2020-02,660.6,455.5,68.95,23.1667,79.9333
TPS39,2020-03,660.6,511.1,77.37,23.1667,79.9333
TPS39,2020-04,660.6,496.4,75.14,23.1667,79.9333
TPS39,2020-05,660.6,408.8,61.88,23.1667,79.9333
TPS39,2020-06,660.6,454.8,68.85,23.1667,79.9333
TPS39,2020-07,660.6,445.7,67.47,23.1667,79.9333
TPS39,2020-08,660.6,284.0,42.99,23.1667,79.9333
TPS39,2020-09,660.6,503.4,76.2,23.1667,79.9333
TPS39,2020-10,660.6,271.1,41.04,23.1667,79.9333
TPS39,2020-11,660.6,368.1,55.72,23.1667,79.9333
TPS39,2020-12,660.6,349.8,52.95,23.1667,79.9333
TPS40,2020-01,275.8,115.5,41.88,26.9167,75.8667
TPS40,2020-02,275.8,201.0,72.88,26.9167,75.8667
TPS40,2020-03,275.8,111.7,40.5,26.9167,75.8667
TPS40,2020-04,275.8,228.8,82.96,26.9167,75.8667
TPS40,2020-05,275.8,147.0,53.3,26.9167,75.8667
TPS40,2020-06,275.8,130.8,47.43,26.9167,75.8667
TPS40,2020-07,275.8,183.0,66.35,26.9167,75.8667
TPS40,2020-08,275.8,126.6,45.9,26.9167,75.8667
TPS40,2020-09,275.8,110.4,40.03,26.9167,75.8667
TPS40,2020-10,275.8,194.8,70.63,26.9167,75.8667
TPS40,2020-11,275.8,247.8,89.85,26.9167,75.8667
TPS40,2020-12,275.8,132.3,47.97,26.9167,75.8667
TPS41,2020-01,430.3,189.7,44.09,31.325599999999998,75.5792
TPS41,2020-02,430.3,197.4,45.87,31.325599999999998,75.5792
TPS41,2020-03,430.3,201.1,46.73,31.325599999999998,75.5792
TPS41,2020-04,430.3,326.9,75.97,31.325599999999998,75.5792
TPS41,2020-05,430.3,191.2,44.43,31.325599999999998,75.5792
TPS41,2020-06,430.3,273.7,63.61,31.325599999999998,75.5792
TPS41,2020-07,430.3,273.6,63.58,31.325599999999998,75.5792
TPS41,2020-08,430.3,296.3,68.86,31.325599999999998,75.5792
TPS41,2020-09,430.3,278.3,64.68,31.325599999999998,75.5792
TPS41,2020-10,430.3,251.1,58.35,31.325599999999998,75.5792
TPS41,2020-11,430.3,310.7,72.21,31.325599999999998,75.5792
TPS41,2020-12,430.3,296.8,68.98,31.325599999999998,75.5792
TPS42,2020-01,672.7,455.3,67.68,21.0167,75.5667
TPS42,2020-02,672.7,412.1,61.26,21.0167,75.5667
TPS42,2020-03,672.7,367.0,54.56,21.0167,75.5667
TPS42,2020-04,672.7,277.8,41.3,21.0167,75.5667
TPS42,2020-05,672.7,415.1,61.71,21.0167,75.5667
TPS42,2020-06,672.7,349.6,51.97,21.0167,75.5667
TPS42,2020-07,672.7,382.2,56.82,21.0167,75.5667
TPS42,2020-08,672.7,319.1,47.44,21.0167,75.5667
TPS42,2020-09,672.7,277.1,41.19,21.0167,75.5667
TPS42,2020-10,672.7,538.2,80.01,21.0167,75.5667
TPS42,2020-11,672.7,525.1,78.06,21.0167,75.5667
TPS42,2020-12,672.7,512.4,76.17,21.0167,75.5667
TPS43,2020-01,781.8,333.0,42.59,32.7333,74.85
TPS43,2020-02,781.8,489.3,62.59,32.7333,74.85
TPS43,2020-03,781.8,519.9,66.5,32.7333,74.85
TPS43,2020-04,781.8,529.2,67.69,32.7333,74.85
TPS43,2020-05,781.8,649.3,83.05,32.7333,74.85
TPS43,2020-06,781.8,406.0,51.93,32.7333,74.85
TPS43,2020-07,781.8,335.8,42.95,32.7333,74.85
TPS43,2020-08,781.8,626.0,80.07,32.7333,74.85
TPS43,2020-09,781.8,459.2,58.74,32.7333,74.85
TPS43,2020-10,781.8,659.2,84.32,32.7333,74.85
TPS43,2020-11,781.8,575.3,73.59,32.7333,74.85
TPS43,2020-12,781.8,342.1,43.76,32.7333,74.85
TPS44,2020-01,563.6,386.5,68.58,22.8,86.1833
TPS44,2020-02,563.6,287.5,51.01,22.8,86.1833
TPS44,2020-03,563.6,295.4,52.41,22.8,86.1833
TPS44,2020-04,563.6,435.4,77.25,22.8,86.1833
TPS44,2020-05,563.6,231.3,41.04,22.8,86.1833
TPS44,2020-06,563.6,233.5,41.43,22.8,86.1833
TPS44,2020-07,563.6,354.7,62.93,22.8,86.1833
TPS44,2020-08,563.6,415.7,73.76,22.8,86.1833
TPS44,2020-09,563.6,350.4,62.17,22.8,86.1833
TPS44,2020-10,563.6,442.0,78.42,22.8,86.1833
TPS44,2020-11,563.6,332.5,59.0,22.8,86.1833
TPS44,2020-12,563.6,229.8,40.77,22.8,86.1833
TPS45,2020-01,436.4,276.6,63.38,9.9667,76.2833
TPS45,2020-02,436.4,265.1,60.75,9.9667,76.2833
TPS45,2020-03,436.4,363.9,83.39,9.9667,76.2833
TPS45,2020-04,436.4,310.5,71.15,9.9667,76.2833
TPS45,2020-05,436.4,351.3,80.5,9.9667,76.2833
TPS45,2020-06,436.4,197.0,45.14,9.9667,76.2833
TPS45,2020-07,436.4,249.1,57.08,9.9667,76.2833
TPS45,2020-08,436.4,304.9,69.87,9.9667,76.2833
TPS45,2020-09,436.4,379.7,87.01,9.9667,76.2833
TPS45,2020-10,436.4,374.0,85.7,9.9667,76.2833
TPS45,2020-11,436.4,375.7,86.09,9.9667,76.2833
TPS45,2020-12,436.4,349.8,80.16,9.9667,76.2833
TPS46,2020-01,339.4,205.7,60.61,22.5411,88.3378
TPS46,2020-02,339.4,180.8,53.27,22.5411,88.3378
TPS46,2020-03,339.4,246.4,72.6,22.5411,88.3378
TPS46,2020-04,339.4,199.7,58.84,22.5411,88.3378
TPS46,2020-05,339.4,248.1,73.1,22.5411,88.3378
TPS46,2020-06,339.4,206.9,60.96,22.5411,88.3378
TPS46,2020-07,339.4,304.5,89.72,22.5411,88.3378
TPS46,2020-08,339.4,243.5,71.74,22.5411,88.3378
TPS46,2020-09,339.4,223.5,65.85,22.5411,88.3378
TPS46,2020-10,339.4,185.6,54.68,22.5411,88.3378
TPS46,2020-11,339.4,279.1,82.23,22.5411,88.3378
TPS46,2020-12,339.4,140.2,41.31,22.5411,88.3378
TPS47,2020-01,712.1,394.4,55.39,25.18,75.83
TPS47,2020-02,712.1,572.9,80.45,25.18,75.83
TPS47,2020-03,712.1,503.1,70.65,25.18,75.83
TPS47,2020-04,712.1,552.6,77.6,25.18,75.83
TPS47,2020-05,712.1,369.9,51.94,25.18,75.83
TPS47,2020-06,712.1,515.1,72.34,25.18,75.83
TPS47,2020-07,712.1,525.2,73.75,25.18,75.83
TPS47,2020-08,712.1,447.4,62.83,25.18,75.83
TPS47,2020-09,712.1,492.0,69.09,25.18,75.83
TPS47,2020-10,712.1,521.0,73.16,25.18,75.83
TPS47,2020-11,712.1,425.3,59.72,25.18,75.83
TPS47,2020-12,712.1,308.9,43.38,25.18,75.83
TPS48,2020-01,497.0,388.5,78.17,15.8222,78.035
TPS48,2020-02,497.0,334.5,67.3,15.8222,78.035
TPS48,2020-03,497.0,220.7,44.41,15.8222,78.035
TPS48,2020-04,497.0,338.0,68.01,15.8222,78.035
TPS48,2020-05,497.0,323.6,65.11,15.8222,78.035
TPS48,2020-06,497.0,246.6,49.62,15.8222,78.035
TPS48,2020-07,497.0,414.0,83.3,15.8222,78.035
TPS48,2020-08,497.0,406.9,81.87,15.8222,78.035
TPS48,2020-09,497.0,234.9,47.26,15.8222,78.035
TPS48,2020-10,497.0,419.6,84.43,15.8222,78.035
TPS48,2020-11,497.0,314.5,63.28,15.8222,78.035
TPS48,2020-12,497.0,358.5,72.13,15.8222,78.035
TPS49,2020-01,224.2,105.8,47.19,26.847,80.947
TPS49,2020-02,224.2,137.8,61.46,26.847,80.947
TPS49,2020-03,224.2,177.6,79.21,26.847,80.947
TPS49,2020-04,224.2,188.7,84.17,26.847,80.947
TPS49,2020-05,224.2,95.6,42.64,26.847,80.947
TPS49,2020-06,224.2,130.3,58.12,26.847,80.947
TPS49,2020-07,224.2,90.5,40.37,26.847,80.947
TPS49,2020-08,224.2,155.9,69.54,26.847,80.947
TPS49,2020-09,224.2,173.2,77.25,26.847,80.947
TPS49,2020-10,224.2,94.3,42.06,26.847,80.947
TPS49,2020-11,224.2,150.2,66.99,26.847,80.947
TPS49,2020-12,224.2,146.4,65.3,26.847,80.947
TPS50,2020-01,248.5,131.8,53.04,30.908300000000004,75.8486
TPS50,2020-02,248.5,220.8,88.85,30.908300000000004,75.8486
TPS50,2020-03,248.5,203.4,81.85,30.908300000000004,75.8486
TPS50,2020-04,248.5,197.8,79.6,30.908300000000004,75.8486
TPS50,2020-05,248.5,209.9,84.47,30.908300000000004,75.8486
TPS50,2020-06,248.5,209.3,84.23,30.908300000000004,75.8486
TPS50,2020-07,248.5,219.5,88.33,30.908300000000004,75.8486
TPS50,2020-08,248.5,141.2,56.82,30.908300000000004,75.8486
TPS50,2020-09,248.5,201.1,80.93,30.908300000000004,75.8486
TPS50,2020-10,248.5,103.5,41.65,30.908300000000004,75.8486
TPS50,2020-11,248.5,196.6,79.11,30.908300000000004,75.8486
TPS50,2020-12,248.5,100.1,40.28,30.908300000000004,75.8486
TPS51,2020-01,257.6,205.2,79.66,9.9197,78.1194
TPS51,2020-02,257.6,140.1,54.39,9.9197,78.1194
TPS51,2020-03,257.6,138.8,53.88,9.9197,78.1194
TPS51,2020-04,257.6,152.9,59.36,9.9197,78.1194
TPS51,2020-05,257.6,171.1,66.42,9.9197,78.1194
TPS51,2020-06,257.6,125.9,48.87,9.9197,78.1194
TPS51,2020-07,257.6,120.0,46.58,9.9197,78.1194
TPS51,2020-08,257.6,165.4,64.21,9.9197,78.1194
TPS51,2020-09,257.6,145.1,56.33,9.9197,78.1194
TPS51,2020-10,257.6,205.2,79.66,9.9197,78.1194
TPS51,2020-11,257.6,177.1,68.75,9.9197,78.1194
TPS51,2020-12,257.6,217.6,84.47,9.9197,78.1194
TPS52,2020-01,800.0,330.4,41.3,20.55,74.55
TPS52,2020-02,800.0,500.9,62.61,20.55,74.55
TPS52,2020-03,800.0,335.3,41.91,20.55,74.55
TPS52,2020-04,800.0,560.6,70.08,20.55,74.55
TPS52,2020-05,800.0,684.8,85.6,20.55,74.55
TPS52,2020-06,800.0,369.8,46.22,20.55,74.55
TPS52,2020-07,800.0,691.2,86.4,20.55,74.55
TPS52,2020-08,800.0,596.8,74.6,20.55,74.55
TPS52,2020-09,800.0,573.6,71.7,20.55,74.55
TPS52,2020-10,800.0,656.3,82.04,20.55,74.55
TPS52,2020-11,800.0,610.6,76.32,20.55,74.55
TPS52,2020-12,800.0,454.7,56.84,20.55,74.55
TPS53,2020-01,790.9,518.5,65.56,18.9667,72.8333
TPS53,2020-02,790.9,382.1,48.31,18.9667,72.8333
TPS53,2020-03,790.9,474.4,59.98,18.9667,72.8333
TPS53,2020-04,790.9,631.8,79.88,18.9667,72.8333
TPS53,2020-05,790.9,417.2,52.75,18.9667,72.8333
TPS53,2020-06,790.9,603.0,76.24,18.9667,72.8333
TPS53,2020-07,790.9,569.5,72.01,18.9667,72.8333
TPS53,2020-08,790.9,476.8,60.29,18.9667,72.8333
TPS53,2020-09,790.9,449.3,56.81,18.9667,72.8333
TPS53,2020-10,790.9,444.1,56.15,18.9667,72.8333
TPS53,2020-11,790.9,343.7,43.46,18.9667,72.8333
TPS53,2020-12,790.9,639.0,80.79,18.9667,72.8333
TPS54,2020-01,284.8,244.9,85.99,12.3086,76.6531
TPS54,2020-02,284.8,242.3,85.08,12.3086,76.6531
TPS54,2020-03,284.8,231.8,81.39,12.3086,76.6531
TPS54,2020-04,284.8,127.7,44.84,12.3086,76.6531
TPS54,2020-05,284.8,157.8,55.41,12.3086,76.6531
TPS54,2020-06,284.8,249.1,87.46,12.3086,76.6531
TPS54,2020-07,284.8,124.9,43.86,12.3086,76.6531
TPS54,2020-08,284.8,205.2,72.05,12.3086,76.6531
TPS54,2020-09,284.8,166.3,58.39,12.3086,76.6531
TPS54,2020-10,284.8,123.1,43.22,12.3086,76.6531
TPS54,2020-11,284.8,140.2,49.23,12.3086,76.6531
TPS54,2020-12,284.8,237.3,83.32,12.3086,76.6531
TPS55,2020-01,727.3,637.4,87.64,21.1539,79.08309999999999
TPS55,2020-02,727.3,434.5,59.74,21.1539,79.08309999999999
TPS55,2020-03,727.3,401.0,55.14,21.1539,79.08309999999999
TPS55,2020-04,727.3,641.3,88.18,21.1539,79.08309999999999
TPS55,2020-05,727.3,421.7,57.98,21.1539,79.08309999999999
TPS55,2020-06,727.3,623.6,85.74,21.1539,79.08309999999999
TPS55,2020-07,727.3,336.6,46.28,21.1539,79.08309999999999
TPS55,2020-08,727.3,543.9,74.78,21.1539,79.08309999999999
TPS55,2020-09,727.3,443.5,60.98,21.1539,79.08309999999999
TPS55,2020-10,727.3,494.2,67.95,21.1539,79.08309999999999
TPS55,2020-11,727.3,402.4,55.33,21.1539,79.08309999999999
TPS55,2020-12,727.3,594.9,81.8,21.1539,79.08309999999999
TPS56,2020-01,769.7,539.6,70.11,20.0,73.7833
TPS56,2020-02,769.7,406.7,52.84,20.0,73.7833
TPS56,2020-03,769.7,542.0,70.42,20.0,73.7833
TPS56,2020-04,769.7,314.5,40.86,20.0,73.7833
TPS56,2020-05,769.7,452.7,58.82,20.0,73.7833
TPS56,2020-06,769.7,585.3,76.04,20.0,73.7833
TPS56,2020-07,769.7,328.3,42.65,20.0,73.7833
TPS56,2020-08,769.7,503.6,65.43,20.0,73.7833
TPS56,2020-09,769.7,526.3,68.38,20.0,73.7833
TPS56,2020-10,769.7,470.9,61.18,20.0,73.7833
TPS56,2020-11,769.7,309.1,40.16,20.0,73.7833
TPS56,2020-12,769.7,609.6,79.2,20.0,73.7833
TPS57,2020-01,745.5,414.5,55.6,14.4333,79.9667
TPS57,2020-02,745.5,662.8,88.91,14.4333,79.9667
TPS57,2020-03,745.5,341.7,45.84,14.4333,79.9667
TPS57,2020-04,745.5,344.3,46.18,14.4333,79.9667
TPS57,2020-05,745.5,613.5,82.29,14.4333,79.9667
TPS57,2020-06,745.5,537.0,72.03,14.4333,79.9667
TPS57,2020-07,745.5,568.7,76.28,14.4333,79.9667
TPS57,2020-08,745.5,335.3,44.98,14.4333,79.9667
TPS57,2020-09,745.5,370.3,49.67,14.4333,79.9667
TPS57,2020-10,745.5,303.3,40.68,14.4333,79.9667
TPS57,2020-11,745.5,441.3,59.2,14.4333,79.9667
TPS57,2020-12,745.5,625.8,83.94,14.4333,79.9667
TPS58,2020-01,757.6,443.5,58.54,25.61,85.1414
TPS58,2020-02,757.6,356.8,47.1,25.61,85.1414
TPS58,2020-03,757.6,537.4,70.93,25.61,85.1414
TPS58,2020-04,757.6,314.9,41.57,25.61,85.1414
TPS58,2020-05,757.6,366.3,48.35,25.61,85.1414
TPS58,2020-06,757.6,611.2,80.68,25.61,85.1414
TPS58,2020-07,757.6,304.7,40.22,25.61,85.1414
TPS58,2020-08,757.6,412.8,54.49,25.61,85.1414
TPS58,2020-09,757.6,339.5,44.81,25.61,85.1414
TPS58,2020-10,757.6,364.6,48.13,25.61,85.1414
TPS58,2020-11,757.6,546.6,72.15,25.61,85.1414
TPS58,2020-12,757.6,393.3,51.91,25.61,85.1414
TPS59,2020-01,690.9,542.6,78.54,18.5196,73.85530000000001
TPS59,2020-02,690.9,430.4,62.3,18.5196,73.85530000000001
TPS59,2020-03,690.9,432.9,62.66,18.5196,73.85530000000001
TPS59,2020-04,690.9,585.3,84.72,18.5196,73.85530000000001
TPS59,2020-05,690.9,334.6,48.43,18.5196,73.85530000000001
TPS59,2020-06,690.9,463.6,67.1,18.5196,73.85530000000001
TPS59,2020-07,690.9,398.2,57.63,18.5196,73.85530000000001
TPS59,2020-08,690.9,380.9,55.13,18.5196,73.85530000000001
TPS59,2020-09,690.9,413.8,59.89,18.5196,73.85530000000001
TPS59,2020-10,690.9,390.6,56.53,18.5196,73.85530000000001
TPS59,2020-11,690.9,546.6,79.11,18.5196,73.85530000000001
TPS59,2020-12,690.9,531.2,76.89,18.5196,73.85530000000001
TPS60,2020-01,575.8,434.7,75.49,21.2379,81.6337
TPS60,2020-02,575.8,402.2,69.85,21.2379,81.6337
TPS60,2020-03,575.8,306.1,53.16,21.2379,81.6337
TPS60,2020-04,575.8,329.7,57.26,21.2379,81.6337
TPS60,2020-05,575.8,326.8,56.76,21.2379,81.6337
TPS60,2020-06,575.8,422.6,73.39,21.2379,81.6337
TPS60,2020-07,575.8,445.9,77.44,21.2379,81.6337
TPS60,2020-08,575.8,378.7,65.77,21.2379,81.6337
TPS60,2020-09,575.8,373.9,64.94,21.2379,81.6337
TPS60,2020-10,575.8,318.3,55.28,21.2379,81.6337
TPS60,2020-11,575.8,490.2,85.13,21.2379,81.6337
TPS60,2020-12,575.8,330.4,57.38,21.2379,81.6337
TPS61,2020-01,627.3,501.2,79.9,22.296900000000004,70.7984
TPS61,2020-02,627.3,363.9,58.01,22.296900000000004,70.7984
TPS61,2020-03,627.3,530.5,84.57,22.296900000000004,70.7984
TPS61,2020-04,627.3,318.3,50.74,22.296900000000004,70.7984
TPS61,2020-05,627.3,345.6,55.09,22.296900000000004,70.7984
TPS61,2020-06,627.3,302.8,48.27,22.296900000000004,70.7984
TPS61,2020-07,627.3,318.7,50.81,22.296900000000004,70.7984
TPS61,2020-08,627.3,526.2,83.88,22.296900000000004,70.7984
TPS61,2020-09,627.3,416.9,66.46,22.296900000000004,70.7984
TPS61,2020-10,627.3,385.6,61.47,22.296900000000004,70.7984
TPS61,2020-11,627.3,477.1,76.06,22.296900000000004,70.7984
TPS61,2020-12,627.3,319.3,50.9,22.296900000000004,70.7984
TPS62,2020-01,518.2,414.8,80.05,23.3556,85.3347
TPS62,2020-02,518.2,272.7,52.62,23.3556,85.3347
TPS62,2020-03,518.2,416.7,80.41,23.3556,85.3347
TPS62,2020-04,518.2,430.5,83.08,23.3556,85.3347
TPS62,2020-05,518.2,376.1,72.58,23.3556,85.3347
TPS62,2020-06,518.2,324.0,62.52,23.3556,85.3347
TPS62,2020-07,518.2,409.0,78.93,23.3556,85.3347
TPS62,2020-08,518.2,282.3,54.48,23.3556,85.3347
TPS62,2020-09,518.2,336.1,64.86,23.3556,85.3347
TPS62,2020-10,518.2,450.8,86.99,23.3556,85.3347
TPS62,2020-11,518.2,262.3,50.62,23.3556,85.3347
TPS62,2020-12,518.2,293.9,56.72,23.3556,85.3347
TPS63,2020-01,748.5,389.0,51.97,22.2492,84.8828
TPS63,2020-02,748.5,371.8,49.67,22.2492,84.8828
TPS63,2020-03,748.5,447.6,59.8,22.2492,84.8828
TPS63,2020-04,748.5,460.3,61.5,22.2492,84.8828
TPS63,2020-05,748.5,355.1,47.44,22.2492,84.8828
TPS63,2020-06,748.5,588.8,78.66,22.2492,84.8828
TPS63,2020-07,748.5,386.9,51.69,22.2492,84.8828
TPS63,2020-08,748.5,668.8,89.35,22.2492,84.8828
TPS63,2020-09,748.5,662.4,88.5,22.2492,84.8828
TPS63,2020-10,748.5,632.6,84.52,22.2492,84.8828
TPS63,2020-11,748.5,333.7,44.58,22.2492,84.8828
TPS63,2020-12,748.5,491.4,65.65,22.2492,84.8828
TPS64,2020-01,721.2,335.7,46.55,29.964,77.546
TPS64,2020-02,721.2,386.0,53.52,29.964,77.546
TPS64,2020-03,721.2,633.0,87.77,29.964,77.546
TPS64,2020-04,721.2,363.5,50.4,29.964,77.546
TPS64,2020-05,721.2,294.9,40.89,29.964,77.546
TPS64,2020-06,721.2,614.0,85.14,29.964,77.546
TPS64,2020-07,721.2,299.8,41.57,29.964,77.546
TPS64,2020-08,721.2,643.1,89.17,29.964,77.546
TPS64,2020-09,721.2,589.4,81.72,29.964,77.546
TPS64,2020-10,721.2,519.0,71.96,29.964,77.546
TPS64,2020-11,721.2,461.0,63.92,29.964,77.546
TPS64,2020-12,721.2,554.7,76.91,29.964,77.546
TPS65,2020-01,227.3,97.0,42.67,11.65,78.1667
TPS65,2020-02,227.3,144.0,63.35,11.65,78.1667
TPS65,2020-03,227.3,150.3,66.12,11.65,78.1667
TPS65,2020-04,227.3,165.2,72.68,11.65,78.1667
TPS65,2020-05,227.3,171.7,75.54,11.65,78.1667
TPS65,2020-06,227.3,111.2,48.92,11.65,78.1667
TPS65,2020-07,227.3,135.5,59.61,11.65,78.1667
TPS65,2020-08,227.3,140.2,61.68,11.65,78.1667
TPS65,2020-09,227.3,159.0,69.95,11.65,78.1667
TPS65,2020-10,227.3,120.9,53.19,11.65,78.1667
TPS65,2020-11,227.3,164.4,72.33,11.65,78.1667
TPS65,2020-12,227.3,138.4,60.89,11.65,78.1667
TPS66,2020-01,445.5,249.6,56.03,13.9304,75.56
TPS66,2020-02,445.5,223.2,50.1,13.9304,75.56
TPS66,2020-03,445.5,319.2,71.65,13.9304,75.56
TPS66,2020-04,445.5,275.1,61.75,13.9304,75.56
TPS66,2020-05,445.5,250.6,56.25,13.9304,75.56
TPS66,2020-06,445.5,265.7,59.64,13.9304,75.56
TPS66,2020-07,445.5,189.3,42.49,13.9304,75.56
TPS66,2020-08,445.5,296.1,66.46,13.9304,75.56
TPS66,2020-09,445.5,282.2,63.34,13.9304,75.56
TPS66,2020-10,445.5,377.4,84.71,13.9304,75.56
TPS66,2020-11,445.5,341.3,76.61,13.9304,75.56
TPS66,2020-12,445.5,325.0,72.95,13.9304,75.56
TPS67,2020-01,469.7,196.1,41.75,34.0911,74.8061
TPS67,2020-02,469.7,208.1,44.3,34.0911,74.8061
TPS67,2020-03,469.7,331.7,70.62,34.0911,74.8061
TPS67,2020-04,469.7,195.6,41.64,34.0911,74.8061
TPS67,2020-05,469.7,188.0,40.03,34.0911,74.8061
TPS67,2020-06,469.7,364.0,77.5,34.0911,74.8061
TPS67,2020-07,469.7,370.9,78.97,34.0911,74.8061
TPS67,2020-08,469.7,418.3,89.06,34.0911,74.8061
TPS67,2020-09,469.7,414.1,88.16,34.0911,74.8061
TPS67,2020-10,469.7,422.1,89.87,34.0911,74.8061
TPS67,2020-11,469.7,344.7,73.39,34.0911,74.8061
TPS67,2020-12,469.7,213.2,45.39,34.0911,74.8061
TPS68,2020-01,330.3,138.6,41.96,21.17,72.83
TPS68,2020-02,330.3,165.4,50.08,21.17,72.83
TPS68,2020-03,330.3,144.5,43.75,21.17,72.83
TPS68,2020-04,330.3,219.4,66.42,21.17,72.83
TPS68,2020-05,330.3,180.8,54.74,21.17,72.83
TPS68,2020-06,330.3,253.4,76.72,21.17,72.83
TPS68,2020-07,330.3,133.3,40.36,21.17,72.83
TPS68,2020-08,330.3,165.7,50.17,21.17,72.83
TPS68,2020-09,330.3,190.2,57.58,21.17,72.83
TPS68,2020-10,330.3,168.5,51.01,21.17,72.83
TPS68,2020-11,330.3,273.6,82.83,21.17,72.83
TPS68,2020-12,330.3,135.9,41.14,21.17,72.83
TPS69,2020-01,793.9,683.0,86.03,8.5,76.8997
TPS69,2020-02,793.9,631.2,79.51,8.5,76.8997
TPS69,2020-03,793.9,676.9,85.26,8.5,76.8997
TPS69,2020-04,793.9,332.9,41.93,8.5,76.8997
TPS69,2020-05,793.9,422.5,53.22,8.5,76.8997
TPS69,2020-06,793.9,361.5,45.53,8.5,76.8997
TPS69,2020-07,793.9,668.4,84.19,8.5,76.8997
TPS69,2020-08,793.9,659.2,83.03,8.5,76.8997
TPS69,2020-09,793.9,682.8,86.01,8.5,76.8997
TPS69,2020-10,793.9,614.2,77.36,8.5,76.8997
TPS69,2020-11,793.9,353.8,44.56,8.5,76.8997
TPS69,2020-12,793.9,470.1,59.21,8.5,76.8997
TPS70,2020-01,724.2,350.1,48.34,8.7289,77.7081
TPS70,2020-02,724.2,526.2,72.66,8.7289,77.7081
TPS70,2020-03,724.2,474.6,65.53,8.7289,77.7081
TPS70,2020-04,724.2,306.1,42.27,8.7289,77.7081
TPS70,2020-05,724.2,530.3,73.23,8.7289,77.7081
TPS70,2020-06,724.2,322.8,44.57,8.7289,77.7081
TPS70,2020-07,724.2,638.5,88.17,8.7289,77.7081
TPS70,2020-08,724.2,329.5,45.5,8.7289,77.7081
TPS70,2020-09,724.2,446.0,61.59,8.7289,77.7081
TPS70,2020-10,724.2,405.4,55.98,8.7289,77.7081
TPS70,2020-11,724.2,466.1,64.36,8.7289,77.7081
TPS70,2020-12,724.2,389.3,53.76,8.7289,77.7081
TPS71,2020-01,678.8,389.0,57.31,11.1075,77.3398
TPS71,2020-02,678.8,587.5,86.55,11.1075,77.3398
TPS71,2020-03,678.8,503.7,74.2,11.1075,77.3398
TPS71,2020-04,678.8,534.9,78.8,11.1075,77.3398
TPS71,2020-05,678.8,452.8,66.71,11.1075,77.3398
TPS71,2020-06,678.8,298.5,43.97,11.1075,77.3398
TPS71,2020-07,678.8,534.9,78.8,11.1075,77.3398
TPS71,2020-08,678.8,314.8,46.38,11.1075,77.3398
TPS71,2020-09,678.8,324.8,47.85,11.1075,77.3398
TPS71,2020-10,678.8,285.3,42.03,11.1075,77.3398
TPS71,2020-11,678.8,573.3,84.46,11.1075,77.3398
TPS71,2020-12,678.8,592.6,87.3,11.1075,77.3398
TPS72,2020-01,251.5,207.5,82.5,10.8269,78.6928
TPS72,2020-02,251.5,208.9,83.06,10.8269,78.6928
TPS72,2020-03,251.5,204.0,81.11,10.8269,78.6928
TPS72,2020-04,251.5,140.3,55.79,10.8269,78.6928
TPS72,2020-05,251.5,214.3,85.21,10.8269,78.6928
TPS72,2020-06,251.5,112.4,44.69,10.8269,78.6928
TPS72,2020-07,251.5,186.0,73.96,10.8269,78.6928
TPS72,2020-08,251.5,216.8,86.2,10.8269,78.6928
TPS72,2020-09,251.5,204.6,81.35,10.8269,78.6928
TPS72,2020-10,251.5,196.6,78.17,10.8269,78.6928
TPS72,2020-11,251.5,224.2,89.15,10.8269,78.6928
TPS72,2020-12,251.5,128.4,51.05,10.8269,78.6928
TPS73,2020-01,460.6,314.6,68.3,23.1828,75.7772
TPS73,2020-02,460.6,386.4,83.89,23.1828,75.7772
TPS73,2020-03,460.6,248.2,53.89,23.1828,75.7772
TPS73,2020-04,460.6,323.0,70.13,23.1828,75.7772
TPS73,2020-05,460.6,219.1,47.57,23.1828,75.7772
TPS73,2020-06,460.6,220.4,47.85,23.1828,75.7772
TPS73,2020-07,460.6,232.2,50.41,23.1828,75.7772
TPS73,2020-08,460.6,368.9,80.09,23.1828,75.7772
TPS73,2020-09,460.6,277.6,60.27,23.1828,75.7772
TPS73,2020-10,460.6,383.4,83.24,23.1828,75.7772
TPS73,2020-11,460.6,184.3,40.01,23.1828,75.7772
TPS73,2020-12,460.6,193.2,41.95,23.1828,75.7772
TPS74,2020-01,678.8,350.2,51.59,19.2167,73.15
TPS74,2020-02,678.8,382.1,56.29,19.2167,73.15
TPS74,2020-03,678.8,308.1,45.39,19.2167,73.15
TPS74,2020-04,678.8,332.9,49.04,19.2167,73.15
TPS74,2020-05,678.8,549.8,81.0,19.2167,73.15
TPS74,2020-06,678.8,442.9,65.25,19.2167,73.15
TPS74,2020-07,678.8,451.1,66.46,19.2167,73.15
TPS74,2020-08,678.8,538.7,79.36,19.2167,73.15
TPS74,2020-09,678.8,516.6,76.1,19.2167,73.15
TPS74,2020-10,678.8,296.4,43.67,19.2167,73.15
TPS74,2020-11,678.8,560.5,82.57,19.2167,73.15
TPS74,2020-12,678.8,398.7,58.74,19.2167,73.15
TPS75,2020-01,200.0,147.3,73.65,22.3,73.2
TPS75,2020-02,200.0,159.2,79.6,22.3,73.2
TPS75,2020-03,200.0,132.1,66.05,22.3,73.2
TPS75,2020-04,200.0,84.1,42.05,22.3,73.2
TPS75,2020-05,200.0,104.6,52.3,22.3,73.2
TPS75,2020-06,200.0,134.4,67.2,22.3,73.2
TPS75,2020-07,200.0,85.8,42.9,22.3,73.2
TPS75,2020-08,200.0,102.9,51.45,22.3,73.2
TPS75,2020-09,200.0,136.9,68.45,22.3,73.2
TPS75,2020-10,200.0,128.4,64.2,22.3,73.2
TPS75,2020-11,200.0,174.1,87.05,22.3,73.2
TPS75,2020-12,200.0,124.5,62.25,22.3,73.2
TPS76,2020-01,442.4,273.5,61.82,17.7333,83.3167
TPS76,2020-02,442.4,249.5,56.4,17.7333,83.3167
TPS76,2020-03,442.4,245.5,55.49,17.7333,83.3167
TPS76,2020-04,442.4,312.1,70.55,17.7333,83.3167
TPS76,2020-05,442.4,331.1,74.84,17.7333,83.3167
TPS76,2020-06,442.4,334.6,75.63,17.7333,83.3167
TPS76,2020-07,442.4,178.7,40.39,17.7333,83.3167
TPS76,2020-08,442.4,237.6,53.71,17.7333,83.3167
TPS76,2020-09,442.4,186.4,42.13,17.7333,83.3167
TPS76,2020-10,442.4,246.7,55.76,17.7333,83.3167
TPS76,2020-11,442.4,334.4,75.59,17.7333,83.3167
TPS76,2020-12,442.4,212.8,48.1,17.7333,83.3167
